{
    "loss": 3.520761728286743,
    "accuracy": 0.6666666865348816
}