{
    "loss": 0.6792008876800537,
    "accuracy": 0.9230769276618958
}