{
    "loss": 3.107696533203125,
    "accuracy": 0.7564102411270142
}